"Date","Value"
"08/20/1990",1.191
"08/27/1990",1.245
"09/03/1990",1.242
"09/10/1990",1.252
"09/17/1990",1.266
"09/24/1990",1.272
"10/01/1990",1.321
"10/08/1990",1.333
"10/15/1990",1.339
"10/22/1990",1.345
"10/29/1990",1.339
"11/05/1990",1.334
"11/12/1990",1.328
"11/19/1990",1.323
"11/26/1990",1.311
"12/03/1990",1.341
"01/21/1991",1.192
"01/28/1991",1.168
"02/04/1991",1.139
"02/11/1991",1.106
"02/18/1991",1.078
"02/25/1991",1.054
"03/04/1991",1.025
"03/11/1991",1.045
"03/18/1991",1.043
"03/25/1991",1.047
"04/01/1991",1.052
"04/08/1991",1.066
"04/15/1991",1.069
"04/22/1991",1.09
"04/29/1991",1.104
"05/06/1991",1.113
"05/13/1991",1.121
"05/20/1991",1.129
"05/27/1991",1.14
"06/03/1991",1.138
"06/10/1991",1.135
"06/17/1991",1.126
"06/24/1991",1.114
"07/01/1991",1.104
"07/08/1991",1.098
"07/15/1991",1.094
"07/22/1991",1.091
"07/29/1991",1.091
"08/05/1991",1.099
"08/12/1991",1.112
"08/19/1991",1.124
"08/26/1991",1.124
"09/02/1991",1.127
"09/09/1991",1.12
"09/16/1991",1.11
"09/23/1991",1.097
"09/30/1991",1.092
"10/07/1991",1.089
"10/14/1991",1.084
"10/21/1991",1.088
"10/28/1991",1.091
"11/04/1991",1.091
"11/11/1991",1.102
"11/18/1991",1.104
"11/25/1991",1.099
"12/02/1991",1.099
"12/09/1991",1.091
"12/16/1991",1.075
"12/23/1991",1.063
"12/30/1991",1.053
"01/06/1992",1.042
"01/13/1992",1.026
"01/20/1992",1.014
"01/27/1992",1.006
"02/03/1992",0.995
"02/10/1992",1.004
"02/17/1992",1.011
"02/24/1992",1.014
"03/02/1992",1.012
"03/09/1992",1.013
"03/16/1992",1.01
"03/23/1992",1.015
"03/30/1992",1.013
"04/06/1992",1.026
"04/13/1992",1.051
"04/20/1992",1.058
"04/27/1992",1.072
"05/04/1992",1.089
"05/11/1992",1.102
"05/18/1992",1.118
"05/25/1992",1.12
"06/01/1992",1.128
"06/08/1992",1.143
"06/15/1992",1.151
"06/22/1992",1.153
"06/29/1992",1.149
"07/06/1992",1.147
"07/13/1992",1.139
"07/20/1992",1.132
"07/27/1992",1.128
"08/03/1992",1.126
"08/10/1992",1.123
"08/17/1992",1.116
"08/24/1992",1.123
"08/31/1992",1.121
"09/07/1992",1.121
"09/14/1992",1.124
"09/21/1992",1.123
"09/28/1992",1.118
"10/05/1992",1.115
"10/12/1992",1.115
"10/19/1992",1.113
"10/26/1992",1.113
"11/02/1992",1.12
"11/09/1992",1.12
"11/16/1992",1.112
"11/23/1992",1.106
"11/30/1992",1.098
"12/07/1992",1.089
"12/14/1992",1.078
"12/21/1992",1.074
"12/28/1992",1.069
"01/04/1993",1.065
"01/11/1993",1.066
"01/18/1993",1.061
"01/25/1993",1.055
"02/01/1993",1.055
"02/08/1993",1.062
"02/15/1993",1.053
"02/22/1993",1.047
"03/01/1993",1.042
"03/08/1993",1.048
"03/15/1993",1.058
"03/22/1993",1.056
"03/29/1993",1.057
"04/05/1993",1.068
"04/12/1993",1.079
"04/19/1993",1.079
"04/26/1993",1.086
"05/03/1993",1.086
"05/10/1993",1.097
"05/17/1993",1.106
"05/24/1993",1.106
"05/31/1993",1.107
"06/07/1993",1.104
"06/14/1993",1.101
"06/21/1993",1.095
"06/28/1993",1.089
"07/05/1993",1.086
"07/12/1993",1.081
"07/19/1993",1.075
"07/26/1993",1.069
"08/02/1993",1.062
"08/09/1993",1.06
"08/16/1993",1.059
"08/23/1993",1.065
"08/30/1993",1.062
"09/06/1993",1.055
"09/13/1993",1.051
"09/20/1993",1.045
"09/27/1993",1.047
"10/04/1993",1.092
"10/11/1993",1.09
"10/18/1993",1.093
"10/25/1993",1.092
"11/01/1993",1.084
"11/08/1993",1.075
"11/15/1993",1.064
"11/22/1993",1.058
"11/29/1993",1.051
"12/06/1993",1.036
"12/13/1993",1.018
"12/20/1993",1.003
"12/27/1993",0.999
"01/03/1994",0.992
"01/10/1994",0.995
"01/17/1994",1.001
"01/24/1994",0.999
"01/31/1994",1.005
"02/07/1994",1.007
"02/14/1994",1.016
"02/21/1994",1.009
"02/28/1994",1.004
"03/07/1994",1.007
"03/14/1994",1.005
"03/21/1994",1.007
"03/28/1994",1.012
"04/04/1994",1.011
"04/11/1994",1.028
"04/18/1994",1.033
"04/25/1994",1.037
"05/02/1994",1.04
"05/09/1994",1.045
"05/16/1994",1.046
"05/23/1994",1.05
"05/30/1994",1.056
"06/06/1994",1.065
"06/13/1994",1.073
"06/20/1994",1.079
"06/27/1994",1.095
"07/04/1994",1.097
"07/11/1994",1.103
"07/18/1994",1.109
"07/25/1994",1.114
"08/01/1994",1.13
"08/08/1994",1.157
"08/15/1994",1.161
"08/22/1994",1.165
"08/29/1994",1.161
"09/05/1994",1.156
"09/12/1994",1.15
"09/19/1994",1.14
"09/26/1994",1.129
"10/03/1994",1.12
"10/10/1994",1.114
"10/17/1994",1.106
"10/24/1994",1.107
"10/31/1994",1.121
"11/07/1994",1.123
"11/14/1994",1.122
"11/21/1994",1.113
"11/28/1994",1.082
"12/05/1994",1.075
"12/12/1994",1.064
"12/19/1994",1.056
"12/26/1994",1.044
"01/02/1995",1.063
"01/09/1995",1.07
"01/16/1995",1.062
"01/23/1995",1.068
"01/30/1995",1.068
"02/06/1995",1.062
"02/13/1995",1.058
"02/20/1995",1.052
"02/27/1995",1.06
"03/06/1995",1.063
"03/13/1995",1.056
"03/20/1995",1.055
"03/27/1995",1.063
"04/03/1995",1.077
"04/10/1995",1.094
"04/17/1995",1.11
"04/24/1995",1.133
"05/01/1995",1.141
"05/08/1995",1.164
"05/15/1995",1.173
"05/22/1995",1.191
"05/29/1995",1.193
"06/05/1995",1.194
"06/12/1995",1.19
"06/19/1995",1.183
"06/26/1995",1.177
"07/03/1995",1.169
"07/10/1995",1.159
"07/17/1995",1.148
"07/24/1995",1.138
"07/31/1995",1.126
"08/07/1995",1.124
"08/14/1995",1.121
"08/21/1995",1.122
"08/28/1995",1.113
"09/04/1995",1.111
"09/11/1995",1.107
"09/18/1995",1.106
"09/25/1995",1.106
"10/02/1995",1.1
"10/09/1995",1.092
"10/16/1995",1.081
"10/23/1995",1.073
"10/30/1995",1.062
"11/06/1995",1.06
"11/13/1995",1.059
"11/20/1995",1.056
"11/27/1995",1.057
"12/04/1995",1.058
"12/11/1995",1.057
"12/18/1995",1.072
"12/25/1995",1.075
"01/01/1996",1.077
"01/08/1996",1.086
"01/15/1996",1.092
"01/22/1996",1.084
"01/29/1996",1.079
"02/05/1996",1.076
"02/12/1996",1.073
"02/19/1996",1.078
"02/26/1996",1.099
"03/04/1996",1.115
"03/11/1996",1.116
"03/18/1996",1.128
"03/25/1996",1.158
"04/01/1996",1.172
"04/08/1996",1.195
"04/15/1996",1.234
"04/22/1996",1.243
"04/29/1996",1.257
"05/06/1996",1.259
"05/13/1996",1.262
"05/20/1996",1.269
"05/27/1996",1.26
"06/03/1996",1.252
"06/10/1996",1.247
"06/17/1996",1.241
"06/24/1996",1.23
"07/01/1996",1.219
"07/08/1996",1.217
"07/15/1996",1.215
"07/22/1996",1.215
"07/29/1996",1.209
"08/05/1996",1.199
"08/12/1996",1.196
"08/19/1996",1.199
"08/26/1996",1.201
"09/02/1996",1.193
"09/09/1996",1.201
"09/16/1996",1.203
"09/23/1996",1.203
"09/30/1996",1.199
"10/07/1996",1.191
"10/14/1996",1.203
"10/21/1996",1.205
"10/28/1996",1.217
"11/04/1996",1.225
"11/11/1996",1.229
"11/18/1996",1.238
"11/25/1996",1.246
"12/02/1996",1.242
"12/09/1996",1.241
"12/16/1996",1.233
"12/23/1996",1.227
"12/30/1996",1.224
"01/06/1997",1.22
"01/13/1997",1.235
"01/20/1997",1.236
"01/27/1997",1.232
"02/03/1997",1.23
"02/10/1997",1.227
"02/17/1997",1.22
"02/24/1997",1.217
"03/03/1997",1.208
"03/10/1997",1.199
"03/17/1997",1.191
"03/24/1997",1.196
"03/31/1997",1.191
"04/07/1997",1.192
"04/14/1997",1.187
"04/21/1997",1.188
"04/28/1997",1.185
"05/05/1997",1.182
"05/12/1997",1.182
"05/19/1997",1.195
"05/26/1997",1.204
"06/02/1997",1.206
"06/09/1997",1.198
"06/16/1997",1.189
"06/23/1997",1.179
"06/30/1997",1.171
"07/07/1997",1.169
"07/14/1997",1.165
"07/21/1997",1.17
"07/28/1997",1.164
"08/04/1997",1.185
"08/11/1997",1.219
"08/18/1997",1.218
"08/25/1997",1.23
"09/01/1997",1.229
"09/08/1997",1.227
"09/15/1997",1.219
"09/22/1997",1.208
"09/29/1997",1.195
"10/06/1997",1.195
"10/13/1997",1.187
"10/20/1997",1.178
"10/27/1997",1.168
"11/03/1997",1.163
"11/10/1997",1.164
"11/17/1997",1.156
"11/24/1997",1.15
"12/01/1997",1.14
"12/08/1997",1.128
"12/15/1997",1.118
"12/22/1997",1.108
"12/29/1997",1.099
"01/05/1998",1.089
"01/12/1998",1.083
"01/19/1998",1.072
"01/26/1998",1.055
"02/02/1998",1.051
"02/09/1998",1.045
"02/16/1998",1.032
"02/23/1998",1.038
"03/02/1998",1.025
"03/09/1998",1.017
"03/16/1998",1.006
"03/23/1998",0.998
"03/30/1998",1.026
"04/06/1998",1.023
"04/13/1998",1.018
"04/20/1998",1.021
"04/27/1998",1.032
"05/04/1998",1.038
"05/11/1998",1.052
"05/18/1998",1.055
"05/25/1998",1.052
"06/01/1998",1.047
"06/08/1998",1.06
"06/15/1998",1.049
"06/22/1998",1.041
"06/29/1998",1.042
"07/06/1998",1.041
"07/13/1998",1.037
"07/20/1998",1.044
"07/27/1998",1.035
"08/03/1998",1.023
"08/10/1998",1.018
"08/17/1998",1.011
"08/24/1998",1.004
"08/31/1998",0.998
"09/07/1998",0.991
"09/14/1998",0.987
"09/21/1998",0.999
"09/28/1998",0.999
"10/05/1998",1.006
"10/12/1998",1.01
"10/19/1998",1.007
"10/26/1998",1.001
"11/02/1998",0.997
"11/09/1998",0.994
"11/16/1998",0.981
"11/23/1998",0.971
"11/30/1998",0.954
"12/07/1998",0.933
"12/14/1998",0.923
"12/21/1998",0.921
"12/28/1998",0.914
"01/04/1999",0.913
"01/11/1999",0.92
"01/18/1999",0.921
"01/25/1999",0.913
"02/01/1999",0.908
"02/08/1999",0.907
"02/15/1999",0.899
"02/22/1999",0.885
"03/01/1999",0.891
"03/08/1999",0.9
"03/15/1999",0.958
"03/22/1999",0.999
"03/29/1999",1.055
"04/05/1999",1.087
"04/12/1999",1.107
"04/19/1999",1.103
"04/26/1999",1.099
"05/03/1999",1.107
"05/10/1999",1.109
"05/17/1999",1.112
"05/24/1999",1.101
"05/31/1999",1.088
"06/07/1999",1.092
"06/14/1999",1.088
"06/21/1999",1.105
"06/28/1999",1.095
"07/05/1999",1.11
"07/12/1999",1.123
"07/19/1999",1.148
"07/26/1999",1.172
"08/02/1999",1.172
"08/09/1999",1.183
"08/16/1999",1.214
"08/23/1999",1.212
"08/30/1999",1.214
"09/06/1999",1.223
"09/13/1999",1.234
"09/20/1999",1.252
"09/27/1999",1.248
"10/04/1999",1.242
"10/11/1999",1.234
"10/18/1999",1.22
"10/25/1999",1.225
"11/01/1999",1.218
"11/08/1999",1.222
"11/15/1999",1.24
"11/22/1999",1.258
"11/29/1999",1.262
"12/06/1999",1.26
"12/13/1999",1.263
"12/20/1999",1.257
"12/27/1999",1.263
"01/03/2000",1.26
"01/10/2000",1.252
"01/17/2000",1.268
"01/24/2000",1.307
"01/31/2000",1.307
"02/07/2000",1.319
"02/14/2000",1.35
"02/21/2000",1.4
"02/28/2000",1.413
"03/06/2000",1.49
"03/13/2000",1.511
"03/20/2000",1.508
"03/27/2000",1.484
"04/03/2000",1.478
"04/10/2000",1.447
"04/17/2000",1.415
"04/24/2000",1.406
"05/01/2000",1.386
"05/08/2000",1.427
"05/15/2000",1.466
"05/22/2000",1.494
"05/29/2000",1.509
"06/05/2000",1.535
"06/12/2000",1.607
"06/19/2000",1.664
"06/26/2000",1.641
"07/03/2000",1.606
"07/10/2000",1.571
"07/17/2000",1.521
"07/24/2000",1.499
"07/31/2000",1.447
"08/07/2000",1.437
"08/14/2000",1.42
"08/21/2000",1.444
"08/28/2000",1.456
"09/04/2000",1.502
"09/11/2000",1.535
"09/18/2000",1.539
"09/25/2000",1.525
"10/02/2000",1.498
"10/09/2000",1.473
"10/16/2000",1.516
"10/23/2000",1.532
"10/30/2000",1.523
"11/06/2000",1.502
"11/13/2000",1.501
"11/20/2000",1.487
"11/27/2000",1.489
"12/04/2000",1.464
"12/11/2000",1.425
"12/18/2000",1.396
"12/25/2000",1.388
"01/01/2001",1.377
"01/08/2001",1.4
"01/15/2001",1.458
"01/22/2001",1.456
"01/29/2001",1.446
"02/05/2001",1.426
"02/12/2001",1.46
"02/19/2001",1.429
"02/26/2001",1.41
"03/05/2001",1.393
"03/12/2001",1.387
"03/19/2001",1.377
"03/26/2001",1.379
"04/02/2001",1.411
"04/09/2001",1.469
"04/16/2001",1.535
"04/23/2001",1.586
"04/30/2001",1.585
"05/07/2001",1.659
"05/14/2001",1.663
"05/21/2001",1.637
"05/28/2001",1.656
"06/04/2001",1.63
"06/11/2001",1.58
"06/18/2001",1.526
"06/25/2001",1.454
"07/02/2001",1.384
"07/09/2001",1.35
"07/16/2001",1.33
"07/23/2001",1.318
"07/30/2001",1.319
"08/06/2001",1.319
"08/13/2001",1.347
"08/20/2001",1.399
"08/27/2001",1.48
"09/03/2001",1.538
"09/10/2001",1.511
"09/17/2001",1.516
"09/24/2001",1.46
"10/01/2001",1.381
"10/08/2001",1.31
"10/15/2001",1.264
"10/22/2001",1.221
"10/29/2001",1.193
"11/05/2001",1.17
"11/12/2001",1.147
"11/19/2001",1.14
"11/26/2001",1.097
"12/03/2001",1.084
"12/10/2001",1.075
"12/17/2001",1.042
"12/24/2001",1.063
"12/31/2001",1.096
"01/07/2002",1.109
"01/14/2002",1.099
"01/21/2002",1.087
"01/28/2002",1.081
"02/04/2002",1.098
"02/11/2002",1.085
"02/18/2002",1.089
"02/25/2002",1.087
"03/04/2002",1.118
"03/11/2002",1.194
"03/18/2002",1.262
"03/25/2002",1.308
"04/01/2002",1.339
"04/08/2002",1.382
"04/15/2002",1.368
"04/22/2002",1.367
"04/29/2002",1.353
"05/06/2002",1.356
"05/13/2002",1.349
"05/20/2002",1.36
"05/27/2002",1.348
"06/03/2002",1.353
"06/10/2002",1.332
"06/17/2002",1.335
"06/24/2002",1.342
"07/01/2002",1.357
"07/08/2002",1.345
"07/15/2002",1.361
"07/22/2002",1.381
"07/29/2002",1.376
"08/05/2002",1.355
"08/12/2002",1.355
"08/19/2002",1.357
"08/26/2002",1.365
"09/02/2002",1.353
"09/09/2002",1.355
"09/16/2002",1.367
"09/23/2002",1.357
"09/30/2002",1.385
"10/07/2002",1.416
"10/14/2002",1.422
"10/21/2002",1.443
"10/28/2002",1.427
"11/04/2002",1.427
"11/11/2002",1.406
"11/18/2002",1.37
"11/25/2002",1.336
"12/02/2002",1.316
"12/09/2002",1.316
"12/16/2002",1.322
"12/23/2002",1.371
"12/30/2002",1.417
"01/06/2003",1.412
"01/13/2003",1.423
"01/20/2003",1.422
"01/27/2003",1.437
"02/03/2003",1.499
"02/10/2003",1.582
"02/17/2003",1.63
"02/24/2003",1.617
"03/03/2003",1.641
"03/10/2003",1.663
"03/17/2003",1.673
"03/24/2003",1.626
"03/31/2003",1.577
"04/07/2003",1.557
"04/14/2003",1.521
"04/21/2003",1.504
"04/28/2003",1.486
"05/05/2003",1.441
"05/12/2003",1.427
"05/19/2003",1.444
"05/26/2003",1.439
"06/02/2003",1.428
"06/09/2003",1.456
"06/16/2003",1.48
"06/23/2003",1.451
"06/30/2003",1.443
"07/07/2003",1.448
"07/14/2003",1.489
"07/21/2003",1.496
"07/28/2003",1.488
"08/04/2003",1.516
"08/11/2003",1.55
"08/18/2003",1.594
"08/25/2003",1.693
"09/01/2003",1.688
"09/08/2003",1.653
"09/15/2003",1.636
"09/22/2003",1.58
"09/29/2003",1.524
"10/06/2003",1.511
"10/13/2003",1.515
"10/20/2003",1.527
"10/27/2003",1.499
"11/03/2003",1.494
"11/10/2003",1.464
"11/17/2003",1.459
"11/24/2003",1.478
"12/01/2003",1.454
"12/08/2003",1.441
"12/15/2003",1.433
"12/22/2003",1.459
"12/29/2003",1.454
"01/05/2004",1.492
"01/12/2004",1.544
"01/19/2004",1.579
"01/26/2004",1.604
"02/02/2004",1.591
"02/09/2004",1.609
"02/16/2004",1.617
"02/23/2004",1.641
"03/01/2004",1.664
"03/08/2004",1.69
"03/15/2004",1.675
"03/22/2004",1.698
"03/29/2004",1.716
"04/05/2004",1.737
"04/12/2004",1.74
"04/19/2004",1.773
"04/26/2004",1.774
"05/03/2004",1.811
"05/10/2004",1.904
"05/17/2004",1.979
"05/24/2004",2.026
"05/31/2004",2.004
"06/07/2004",1.983
"06/14/2004",1.926
"06/21/2004",1.873
"06/28/2004",1.859
"07/05/2004",1.835
"07/12/2004",1.869
"07/19/2004",1.888
"07/26/2004",1.861
"08/02/2004",1.846
"08/09/2004",1.839
"08/16/2004",1.842
"08/23/2004",1.854
"08/30/2004",1.827
"09/06/2004",1.815
"09/13/2004",1.813
"09/20/2004",1.839
"09/27/2004",1.895
"10/04/2004",1.902
"10/11/2004",1.949
"10/18/2004",1.984
"10/25/2004",1.98
"11/01/2004",1.986
"11/08/2004",1.951
"11/15/2004",1.918
"11/22/2004",1.901
"11/29/2004",1.903
"12/06/2004",1.868
"12/13/2004",1.799
"12/20/2004",1.777
"12/27/2004",1.754
"01/03/2005",1.745
"01/10/2005",1.771
"01/17/2005",1.802
"01/24/2005",1.839
"01/31/2005",1.896
"02/07/2005",1.89
"02/14/2005",1.873
"02/21/2005",1.878
"02/28/2005",1.904
"03/07/2005",1.979
"03/14/2005",2.039
"03/21/2005",2.095
"03/28/2005",2.137
"04/04/2005",2.196
"04/11/2005",2.251
"04/18/2005",2.198
"04/25/2005",2.197
"05/02/2005",2.191
"05/09/2005",2.137
"05/16/2005",2.116
"05/23/2005",2.077
"05/30/2005",2.051
"06/06/2005",2.078
"06/13/2005",2.099
"06/20/2005",2.128
"06/27/2005",2.186
"07/04/2005",2.189
"07/11/2005",2.292
"07/18/2005",2.272
"07/25/2005",2.235
"08/01/2005",2.239
"08/08/2005",2.323
"08/15/2005",2.519
"08/22/2005",2.583
"08/29/2005",2.581
"09/05/2005",3.037
"09/12/2005",2.912
"09/19/2005",2.73
"09/26/2005",2.767
"10/03/2005",2.922
"10/10/2005",2.828
"10/17/2005",2.693
"10/24/2005",2.564
"10/31/2005",2.438
"11/07/2005",2.336
"11/14/2005",2.258
"11/21/2005",2.168
"11/28/2005",2.124
"12/05/2005",2.127
"12/12/2005",2.175
"12/19/2005",2.205
"12/26/2005",2.188
"01/02/2006",2.236
"01/09/2006",2.321
"01/16/2006",2.297
"01/23/2006",2.314
"01/30/2006",2.332
"02/06/2006",2.31
"02/13/2006",2.246
"02/20/2006",2.205
"02/27/2006",2.236
"03/06/2006",2.321
"03/13/2006",2.355
"03/20/2006",2.495
"03/27/2006",2.479
"04/03/2006",2.567
"04/10/2006",2.663
"04/17/2006",2.764
"04/24/2006",2.881
"05/01/2006",2.866
"05/08/2006",2.834
"05/15/2006",2.871
"05/22/2006",2.801
"05/29/2006",2.784
"06/05/2006",2.811
"06/12/2006",2.833
"06/19/2006",2.793
"06/26/2006",2.796
"07/03/2006",2.873
"07/10/2006",2.91
"07/17/2006",2.928
"07/24/2006",2.95
"07/31/2006",2.955
"08/07/2006",3.004
"08/14/2006",2.958
"08/21/2006",2.877
"08/28/2006",2.8
"09/04/2006",2.68
"09/11/2006",2.563
"09/18/2006",2.441
"09/25/2006",2.32
"10/02/2006",2.263
"10/09/2006",2.222
"10/16/2006",2.195
"10/23/2006",2.186
"10/30/2006",2.204
"11/06/2006",2.189
"11/13/2006",2.216
"11/20/2006",2.218
"11/27/2006",2.221
"12/04/2006",2.277
"12/11/2006",2.267
"12/18/2006",2.29
"12/25/2006",2.303
"01/01/2007",2.296
"01/08/2007",2.258
"01/15/2007",2.173
"01/22/2007",2.107
"01/29/2007",2.119
"02/05/2007",2.151
"02/12/2007",2.198
"02/19/2007",2.251
"02/26/2007",2.338
"03/05/2007",2.46
"03/12/2007",2.499
"03/19/2007",2.511
"03/26/2007",2.54
"04/02/2007",2.636
"04/09/2007",2.746
"04/16/2007",2.822
"04/23/2007",2.811
"04/30/2007",2.922
"05/07/2007",3.002
"05/14/2007",3.069
"05/21/2007",3.211
"05/28/2007",3.195
"06/04/2007",3.132
"06/11/2007",3.04
"06/18/2007",2.974
"06/25/2007",2.951
"07/02/2007",2.933
"07/09/2007",2.971
"07/16/2007",3.046
"07/23/2007",2.938
"07/30/2007",2.849
"08/06/2007",2.816
"08/13/2007",2.752
"08/20/2007",2.783
"08/27/2007",2.756
"09/03/2007",2.818
"09/10/2007",2.84
"09/17/2007",2.792
"09/24/2007",2.816
"10/01/2007",2.784
"10/08/2007",2.761
"10/15/2007",2.746
"10/22/2007",2.806
"10/29/2007",2.859
"11/05/2007",3.007
"11/12/2007",3.101
"11/19/2007",3.077
"11/26/2007",3.072
"12/03/2007",3.029
"12/10/2007",2.957
"12/17/2007",2.962
"12/24/2007",2.943
"12/31/2007",3.028
"01/07/2008",3.088
"01/14/2008",3.041
"01/21/2008",2.991
"01/28/2008",2.953
"02/04/2008",2.966
"02/11/2008",2.947
"02/18/2008",3.035
"02/25/2008",3.115
"03/03/2008",3.137
"03/10/2008",3.2
"03/17/2008",3.257
"03/24/2008",3.224
"03/31/2008",3.259
"04/07/2008",3.299
"04/14/2008",3.35
"04/21/2008",3.467
"04/28/2008",3.566
"05/05/2008",3.571
"05/12/2008",3.694
"05/19/2008",3.762
"05/26/2008",3.913
"06/02/2008",3.932
"06/09/2008",3.979
"06/16/2008",4.007
"06/23/2008",4.002
"06/30/2008",4.027
"07/07/2008",4.051
"07/14/2008",4.054
"07/21/2008",4.005
"07/28/2008",3.896
"08/04/2008",3.828
"08/11/2008",3.764
"08/18/2008",3.706
"08/25/2008",3.66
"09/01/2008",3.667
"09/08/2008",3.637
"09/15/2008",3.867
"09/22/2008",3.732
"09/29/2008",3.644
"10/06/2008",3.485
"10/13/2008",3.109
"10/20/2008",2.855
"10/27/2008",2.589
"11/03/2008",2.34
"11/10/2008",2.17
"11/17/2008",2.027
"11/24/2008",1.857
"12/01/2008",1.79
"12/08/2008",1.681
"12/15/2008",1.648
"12/22/2008",1.635
"12/29/2008",1.59
"01/05/2009",1.672
"01/12/2009",1.772
"01/19/2009",1.832
"01/26/2009",1.813
"02/02/2009",1.871
"02/09/2009",1.897
"02/16/2009",1.931
"02/23/2009",1.868
"03/02/2009",1.91
"03/09/2009",1.918
"03/16/2009",1.885
"03/23/2009",1.944
"03/30/2009",2.03
"04/06/2009",2.011
"04/13/2009",2.025
"04/20/2009",2.031
"04/27/2009",2.016
"05/04/2009",2.045
"05/11/2009",2.218
"05/18/2009",2.281
"05/25/2009",2.414
"06/01/2009",2.502
"06/08/2009",2.6
"06/15/2009",2.639
"06/22/2009",2.65
"06/29/2009",2.593
"07/06/2009",2.563
"07/13/2009",2.479
"07/20/2009",2.411
"07/27/2009",2.46
"08/03/2009",2.511
"08/10/2009",2.596
"08/17/2009",2.58
"08/24/2009",2.572
"08/31/2009",2.553
"09/07/2009",2.519
"09/14/2009",2.499
"09/21/2009",2.477
"09/28/2009",2.425
"10/05/2009",2.396
"10/12/2009",2.432
"10/19/2009",2.532
"10/26/2009",2.641
"11/02/2009",2.66
"11/09/2009",2.627
"11/16/2009",2.585
"11/23/2009",2.603
"11/30/2009",2.594
"12/07/2009",2.601
"12/14/2009",2.56
"12/21/2009",2.546
"12/28/2009",2.564
"01/04/2010",2.627
"01/11/2010",2.717
"01/18/2010",2.703
"01/25/2010",2.666
"02/01/2010",2.618
"02/08/2010",2.611
"02/15/2010",2.563
"02/22/2010",2.621
"03/01/2010",2.671
"03/08/2010",2.721
"03/15/2010",2.76
"03/22/2010",2.792
"03/29/2010",2.765
"04/05/2010",2.795
"04/12/2010",2.829
"04/19/2010",2.831
"04/26/2010",2.815
"05/03/2010",2.864
"05/10/2010",2.87
"05/17/2010",2.823
"05/24/2010",2.741
"05/31/2010",2.679
"06/07/2010",2.674
"06/14/2010",2.652
"06/21/2010",2.696
"06/28/2010",2.712
"07/05/2010",2.676
"07/12/2010",2.666
"07/19/2010",2.672
"07/26/2010",2.703
"08/02/2010",2.687
"08/09/2010",2.74
"08/16/2010",2.696
"08/23/2010",2.653
"08/30/2010",2.64
"09/06/2010",2.647
"09/13/2010",2.695
"09/20/2010",2.703
"09/27/2010",2.668
"10/04/2010",2.705
"10/11/2010",2.793
"10/18/2010",2.795
"10/25/2010",2.772
"11/01/2010",2.76
"11/08/2010",2.832
"11/15/2010",2.849
"11/22/2010",2.828
"11/29/2010",2.805
"12/06/2010",2.917
"12/13/2010",2.937
"12/20/2010",2.934
"12/27/2010",3.015
"01/03/2011",3.034
"01/10/2011",3.052
"01/17/2011",3.068
"01/24/2011",3.074
"01/31/2011",3.061
"02/07/2011",3.094
"02/14/2011",3.095
"02/21/2011",3.141
"02/28/2011",3.341
"03/07/2011",3.473
"03/14/2011",3.517
"03/21/2011",3.507
"03/28/2011",3.538
"04/04/2011",3.635
"04/11/2011",3.743
"04/18/2011",3.787
"04/25/2011",3.817
"05/02/2011",3.906
"05/09/2011",3.907
"05/16/2011",3.905
"05/23/2011",3.788
"05/30/2011",3.741
"06/06/2011",3.738
"06/13/2011",3.664
"06/20/2011",3.597
"06/27/2011",3.513
"07/04/2011",3.534
"07/11/2011",3.608
"07/18/2011",3.648
"07/25/2011",3.667
"08/01/2011",3.684
"08/08/2011",3.646
"08/15/2011",3.576
"08/22/2011",3.552
"08/29/2011",3.601
"09/05/2011",3.643
"09/12/2011",3.629
"09/19/2011",3.56
"09/26/2011",3.461
"10/03/2011",3.381
"10/10/2011",3.368
"10/17/2011",3.431
"10/24/2011",3.415
"10/31/2011",3.405
"11/07/2011",3.37
"11/14/2011",3.388
"11/21/2011",3.312
"11/28/2011",3.248
"12/05/2011",3.24
"12/12/2011",3.244
"12/19/2011",3.183
"12/26/2011",3.213
"01/02/2012",3.254
"01/09/2012",3.333
"01/16/2012",3.342
"01/23/2012",3.333
"01/30/2012",3.386
"02/06/2012",3.436
"02/13/2012",3.466
"02/20/2012",3.523
"02/27/2012",3.641
"03/05/2012",3.717
"03/12/2012",3.747
"03/19/2012",3.787
"03/26/2012",3.843
"04/02/2012",3.874
"04/09/2012",3.877
"04/16/2012",3.867
"04/23/2012",3.805
"04/30/2012",3.764
"05/07/2012",3.718
"05/14/2012",3.658
"05/21/2012",3.622
"05/28/2012",3.575
"06/04/2012",3.518
"06/11/2012",3.489
"06/18/2012",3.473
"06/25/2012",3.378
"07/02/2012",3.291
"07/09/2012",3.357
"07/16/2012",3.364
"07/23/2012",3.435
"07/30/2012",3.45
"08/06/2012",3.606
"08/13/2012",3.662
"08/20/2012",3.682
"08/27/2012",3.722
"09/03/2012",3.797
"09/10/2012",3.799
"09/17/2012",3.832
"09/24/2012",3.775
"10/01/2012",3.75
"10/08/2012",3.742
"10/15/2012",3.713
"10/22/2012",3.582
"10/29/2012",3.48
"11/05/2012",3.406
"11/12/2012",3.372
"11/19/2012",3.36
"11/26/2012",3.382
"12/03/2012",3.337
"12/10/2012",3.297
"12/17/2012",3.198
"12/24/2012",3.205
"12/31/2012",3.245
"01/07/2013",3.233
"01/14/2013",3.236
"01/21/2013",3.254
"01/28/2013",3.296
"02/04/2013",3.471
"02/11/2013",3.537
"02/18/2013",3.69
"02/25/2013",3.722
"03/04/2013",3.698
"03/11/2013",3.644
"03/18/2013",3.633
"03/25/2013",3.616
"04/01/2013",3.572
"04/08/2013",3.539
"04/15/2013",3.469
"04/22/2013",3.472
"04/29/2013",3.455
"05/06/2013",3.478
"05/13/2013",3.543
"05/20/2013",3.636
"05/27/2013",3.601
"06/03/2013",3.61
"06/10/2013",3.619
"06/17/2013",3.577
"06/24/2013",3.498
"07/01/2013",3.41
"07/08/2013",3.413
"07/15/2013",3.57
"07/22/2013",3.612
"07/29/2013",3.57
"08/05/2013",3.566
"08/12/2013",3.493
"08/19/2013",3.496
"08/26/2013",3.504
"09/02/2013",3.575
"09/09/2013",3.54
"09/16/2013",3.475
"09/23/2013",3.425
"09/30/2013",3.354
"10/07/2013",3.298
"10/14/2013",3.296
"10/21/2013",3.31
"10/28/2013",3.235
"11/04/2013",3.209
"11/11/2013",3.133
"11/18/2013",3.161
"11/25/2013",3.241
"12/02/2013",3.209
"12/09/2013",3.208
"12/16/2013",3.165
"12/23/2013",3.198
"12/30/2013",3.264
"01/06/2014",3.261
"01/13/2014",3.267
"01/20/2014",3.24
"01/27/2014",3.241
"02/03/2014",3.243
"02/10/2014",3.257
"02/17/2014",3.326
"02/24/2014",3.394
"03/03/2014",3.421
"03/10/2014",3.452
"03/17/2014",3.489
"03/24/2014",3.487
"03/31/2014",3.521
"04/07/2014",3.533
"04/14/2014",3.581
"04/21/2014",3.612
"04/28/2014",3.635
"05/05/2014",3.606
"05/12/2014",3.597
"05/19/2014",3.593
"05/26/2014",3.607
"06/02/2014",3.624
"06/09/2014",3.61
"06/16/2014",3.621
"06/23/2014",3.639
"06/30/2014",3.635
"07/07/2014",3.605
"07/14/2014",3.56
"07/21/2014",3.523
"07/28/2014",3.468
"08/04/2014",3.449
"08/11/2014",3.447
"08/18/2014",3.408
"08/25/2014",3.397
"09/01/2014",3.41
"09/08/2014",3.406
"09/15/2014",3.352
"09/22/2014",3.296
"09/29/2014",3.304
"10/06/2014",3.246
"10/13/2014",3.147
"10/20/2014",3.07
"10/27/2014",3.016
"11/03/2014",2.956
"11/10/2014",2.907
"11/17/2014",2.856
"11/24/2014",2.781
"12/01/2014",2.738
"12/08/2014",2.634
"12/15/2014",2.499
"12/22/2014",2.341
"12/29/2014",2.229
"01/05/2015",2.136
"01/12/2015",2.066
"01/19/2015",1.999
"01/26/2015",1.982
"02/02/2015",2.013
"02/09/2015",2.133
"02/16/2015",2.206
"02/23/2015",2.256
"03/02/2015",2.36
"03/09/2015",2.367
"03/16/2015",2.339
"03/23/2015",2.347
"03/30/2015",2.348
"04/06/2015",2.315
"04/13/2015",2.317
"04/20/2015",2.393
"04/27/2015",2.451
"05/04/2015",2.517
"05/11/2015",2.547
"05/18/2015",2.604
"05/25/2015",2.642
"06/01/2015",2.656
"06/08/2015",2.668
"06/15/2015",2.744
"06/22/2015",2.72
"06/29/2015",2.713
"07/06/2015",2.702
"07/13/2015",2.694
"07/20/2015",2.661
"07/27/2015",2.605
"08/03/2015",2.555
"08/10/2015",2.505
"08/17/2015",2.608
"08/24/2015",2.534
"08/31/2015",2.406
"09/07/2015",2.337
"09/14/2015",2.28
"09/21/2015",2.237
"09/28/2015",2.246
"10/05/2015",2.252
"10/12/2015",2.283
"10/19/2015",2.22
"10/26/2015",2.166
"11/02/2015",2.17
"11/09/2015",2.172
"11/16/2015",2.11
"11/23/2015",2.015
"11/30/2015",1.974
"12/07/2015",1.969
"12/14/2015",1.953
"12/21/2015",1.929
"12/28/2015",1.933
"01/04/2016",1.922
"01/11/2016",1.888
"01/18/2016",1.81
"01/25/2016",1.752
"02/01/2016",1.729
"02/08/2016",1.663
"02/15/2016",1.638
"02/22/2016",1.661
"02/29/2016",1.715
"03/07/2016",1.782
"03/14/2016",1.888
"03/21/2016",1.935
"03/28/2016",1.976
"04/04/2016",1.994
"04/11/2016",1.981
"04/18/2016",2.053
"04/25/2016",2.08
"05/02/2016",2.168
"05/09/2016",2.143
"05/16/2016",2.17
"05/23/2016",2.235
"05/30/2016",2.281
"06/06/2016",2.328
"06/13/2016",2.343
"06/20/2016",2.29
"06/27/2016",2.25
"07/04/2016",2.205
"07/11/2016",2.171
"07/18/2016",2.148
"07/25/2016",2.105
"08/01/2016",2.091
"08/08/2016",2.087
"08/15/2016",2.096
"08/22/2016",2.136
"08/29/2016",2.187
"09/05/2016",2.17
"09/12/2016",2.138
"09/19/2016",2.17
"09/26/2016",2.166
"10/03/2016",2.184
"10/10/2016",2.216
"10/17/2016",2.198
"10/24/2016",2.175
"10/31/2016",2.159
"11/07/2016",2.157
"11/14/2016",2.105
"11/21/2016",2.078
"11/28/2016",2.079
"12/05/2016",2.137
"12/12/2016",2.174
"12/19/2016",2.203
"12/26/2016",2.254
"01/02/2017",2.319
"01/09/2017",2.328
"01/16/2017",2.298
"01/23/2017",2.258
"01/30/2017",2.224
"02/06/2017",2.221
"02/13/2017",2.228
"02/20/2017",2.224
"02/27/2017",2.233
"03/06/2017",2.264
"03/13/2017",2.242
"03/20/2017",2.238
"03/27/2017",2.228
"04/03/2017",2.281
"04/10/2017",2.351
"04/17/2017",2.356
"04/24/2017",2.372
"05/01/2017",2.331
"05/08/2017",2.288
"05/15/2017",2.283
"05/22/2017",2.306
"05/29/2017",2.308
"06/05/2017",2.325
"06/12/2017",2.276
"06/19/2017",2.224
"06/26/2017",2.201
"07/03/2017",2.163
"07/10/2017",2.21
"07/17/2017",2.188
"07/24/2017",2.224
"07/31/2017",2.269
"08/07/2017",2.29
"08/14/2017",2.301
"08/21/2017",2.273
"08/28/2017",2.322
"09/04/2017",2.604
"09/11/2017",2.61
"09/18/2017",2.559
"09/25/2017",2.508
"10/02/2017",2.493
"10/09/2017",2.426
"10/16/2017",2.413
"10/23/2017",2.406
"10/30/2017",2.41
"11/06/2017",2.468
"11/13/2017",2.504
"11/20/2017",2.48
"11/27/2017",2.444
"12/04/2017",2.41
"12/11/2017",2.401
"12/18/2017",2.358
"12/25/2017",2.384
"01/01/2018",2.436
"01/08/2018",2.429
"01/15/2018",2.473
"01/22/2018",2.482
"01/29/2018",2.516
"02/05/2018",2.544
"02/12/2018",2.511
"02/19/2018",2.455
"02/26/2018",2.442
"03/05/2018",2.462
"03/12/2018",2.455
"03/19/2018",2.494
"03/26/2018",2.541
"04/02/2018",2.592
"04/09/2018",2.587
"04/16/2018",2.644
"04/23/2018",2.696
"04/30/2018",2.741
"05/07/2018",2.733
"05/14/2018",2.786
"05/21/2018",2.834
"05/28/2018",2.877
"06/04/2018",2.849
"06/11/2018",2.822
"06/18/2018",2.79
"06/25/2018",2.745
"07/02/2018",2.762
"07/09/2018",2.774
"07/16/2018",2.79
"07/23/2018",2.754
"07/30/2018",2.772
"08/06/2018",2.781
"08/13/2018",2.774
"08/20/2018",2.755
"08/27/2018",2.761
"09/03/2018",2.759
"09/10/2018",2.765
"09/17/2018",2.771
"09/24/2018",2.779
"10/01/2018",2.796
"10/08/2018",2.829
"10/15/2018",2.806
"10/22/2018",2.763
"10/29/2018",2.732
"11/05/2018",2.67
"11/12/2018",2.604
"11/19/2018",2.525
"11/26/2018",2.445
"12/03/2018",2.35
"12/10/2018",2.325
"12/17/2018",2.268
"12/24/2018",2.216
"12/31/2018",2.156
"01/07/2019",2.128
"01/14/2019",2.143
"01/21/2019",2.147
"01/28/2019",2.162
"02/04/2019",2.162
"02/11/2019",2.187
"02/18/2019",2.23
"02/25/2019",2.311
"03/04/2019",2.352
"03/11/2019",2.399
"03/18/2019",2.477
"03/25/2019",2.544
"04/01/2019",2.611
"04/08/2019",2.65
"04/15/2019",2.725
"04/22/2019",2.723
"04/29/2019",2.761
"05/06/2019",2.771
"05/13/2019",2.735
"05/20/2019",2.723
"05/27/2019",2.696
"06/03/2019",2.691
"06/10/2019",2.62
"06/17/2019",2.553
"06/24/2019",2.541
"07/01/2019",2.608
"07/08/2019",2.644
"07/15/2019",2.682
"07/22/2019",2.653
"07/29/2019",2.615
"08/05/2019",2.588
"08/12/2019",2.524
"08/19/2019",2.501
"08/26/2019",2.471
"09/02/2019",2.461
"09/09/2019",2.45
"09/16/2019",2.454
"09/23/2019",2.561
"09/30/2019",2.518
"10/07/2019",2.513
"10/14/2019",2.495
"10/21/2019",2.512
"10/28/2019",2.469
"11/04/2019",2.485
"11/11/2019",2.493
"11/18/2019",2.473
"11/25/2019",2.469
"12/02/2019",2.485
"12/09/2019",2.478
"12/16/2019",2.448
"12/23/2019",2.447
"12/30/2019",2.488
"01/06/2020",2.494
"01/13/2020",2.482
"01/20/2020",2.448
"01/27/2020",2.412
"02/03/2020",2.358
"02/10/2020",2.324
"02/17/2020",2.337
"02/24/2020",2.373
"03/02/2020",2.324
"03/09/2020",2.272
"03/16/2020",2.139
"03/23/2020",2.007
"03/30/2020",1.886
"04/06/2020",1.8
"04/13/2020",1.735
"04/20/2020",1.694
"04/27/2020",1.655
"05/04/2020",1.68
"05/11/2020",1.75
"05/18/2020",1.776
"05/25/2020",1.87
"06/01/2020",1.883
"06/08/2020",1.947
"06/15/2020",2.017
"06/22/2020",2.048
"06/29/2020",2.094
"07/06/2020",2.1
"07/13/2020",2.113
"07/20/2020",2.099
"07/27/2020",2.085
"08/03/2020",2.085
"08/10/2020",2.078
"08/17/2020",2.077
"08/24/2020",2.09
"08/31/2020",2.135
"09/07/2020",2.122
"09/14/2020",2.091
"09/21/2020",2.078
"09/28/2020",2.088
"10/05/2020",2.091
"10/12/2020",2.084
"10/19/2020",2.064
"10/26/2020",2.053
"11/02/2020",2.021
"11/09/2020",2.004
"11/16/2020",2.018
"11/23/2020",2.009
"11/30/2020",2.022
"12/07/2020",2.063
"12/14/2020",2.063
"12/21/2020",2.137
"12/28/2020",2.158
"01/04/2021",2.16
"01/11/2021",2.232
"01/18/2021",2.285
"01/25/2021",2.298
"02/01/2021",2.316
"02/08/2021",2.372
"02/15/2021",2.409
"02/22/2021",2.549
"03/01/2021",2.625
"03/08/2021",2.684
"03/15/2021",2.766
"03/22/2021",2.78
"03/29/2021",2.771
"04/05/2021",2.777
"04/12/2021",2.763
"04/19/2021",2.767
"04/26/2021",2.776
"05/03/2021",2.79
"05/10/2021",2.86
"05/17/2021",2.928
"05/24/2021",2.92
"05/31/2021",2.927
"06/07/2021",2.935
"06/14/2021",2.97
"06/21/2021",2.961
"06/28/2021",2.99
"07/05/2021",3.032
"07/12/2021",3.039
"07/19/2021",3.061
"07/26/2021",3.044
"08/02/2021",3.059
"08/09/2021",3.081
"08/16/2021",3.079
"08/23/2021",3.048
"08/30/2021",3.041
"09/06/2021",3.08
"09/13/2021",3.068
"09/20/2021",3.094
"09/27/2021",3.08
"10/04/2021",3.093
"10/11/2021",3.173
"10/18/2021",3.225
"10/25/2021",3.279
"11/01/2021",3.28
"11/08/2021",3.294
"11/15/2021",3.277
"11/22/2021",3.271
"11/29/2021",3.253
"12/06/2021",3.204
"12/13/2021",3.178
"12/20/2021",3.154
"12/27/2021",3.136
"01/03/2022",3.141
"01/10/2022",3.164
"01/17/2022",3.182
"01/24/2022",3.199
"01/31/2022",3.249
"02/07/2022",3.33
"02/14/2022",3.372
"02/21/2022",3.41
"02/28/2022",3.486
"03/07/2022",3.963
"03/14/2022",4.18
"03/21/2022",4.091
"03/28/2022",4.078
"04/04/2022",4.021
"04/11/2022",3.943
"04/18/2022",3.915
"04/25/2022",3.959
"05/02/2022",4.031
"05/09/2022",4.161
"05/16/2022",4.32
"05/23/2022",4.41
"05/30/2022",4.439
"06/06/2022",4.702
"06/13/2022",4.844
"06/20/2022",4.798
"06/27/2022",4.71
"07/04/2022",4.619
"07/11/2022",4.501
"07/18/2022",4.35
"07/25/2022",4.183
"08/01/2022",4.034
"08/08/2022",3.879
"08/15/2022",3.78
"08/22/2022",3.724
"08/29/2022",3.691
"09/05/2022",3.617
"09/12/2022",3.551
"09/19/2022",3.513
"09/26/2022",3.569
"10/03/2022",3.592
"10/10/2022",3.723
"10/17/2022",3.692
"10/24/2022",3.609
"10/31/2022",3.57
"11/07/2022",3.628
"11/14/2022",3.606
"11/21/2022",3.498
"11/28/2022",3.389
"12/05/2022",3.26
"12/12/2022",3.109
"12/19/2022",2.994
"12/26/2022",2.971
"01/02/2023",3.123
"01/09/2023",3.167
"01/16/2023",3.225
"01/23/2023",3.34
"01/30/2023",3.417
"02/06/2023",3.362
"02/13/2023",3.311
"02/20/2023",3.293
"02/27/2023",3.25
"03/06/2023",3.288
"03/13/2023",3.35
"03/20/2023",3.321
"03/27/2023",3.304
"04/03/2023",3.384
"04/10/2023",3.493
"04/17/2023",3.553
"04/24/2023",3.542
"05/01/2023",3.48
"05/08/2023",3.407
"05/15/2023",3.415
"05/22/2023",3.416
"05/29/2023",3.443
"06/05/2023",3.414
"06/12/2023",3.475
"06/19/2023",3.449
"06/26/2023",3.445
"07/03/2023",3.397
"07/10/2023",3.42
"07/17/2023",3.438
"07/24/2023",3.479
"07/31/2023",3.65
"08/07/2023",3.731
"08/14/2023",3.746
"08/21/2023",3.746
"08/28/2023",3.684
"09/04/2023",3.68
"09/11/2023",3.692
"09/18/2023",3.724
"09/25/2023",3.663
"10/02/2023",3.598
"10/09/2023",3.506
"10/16/2023",3.404
"10/23/2023",3.369
"10/30/2023",3.32
"11/06/2023",3.245
"11/13/2023",3.212
"11/20/2023",3.144
"11/27/2023",3.088
"12/04/2023",3.104
"12/11/2023",3.014
"12/18/2023",2.931
"12/25/2023",3.005
"01/01/2024",2.966
"01/08/2024",2.945
"01/15/2024",2.944
"01/22/2024",2.95
"01/29/2024",2.979
"02/05/2024",3.021
"02/12/2024",3.083
"02/19/2024",3.159
"02/26/2024",3.145
"03/04/2024",3.243
"03/11/2024",3.27
"03/18/2024",3.348
"03/25/2024",3.409
"04/01/2024",3.401
"04/08/2024",3.448
"04/15/2024",3.479
"04/22/2024",3.506
"04/29/2024",3.498
"05/06/2024",3.487
"05/13/2024",3.463
"05/20/2024",3.451
"05/27/2024",3.434
"06/03/2024",3.376
"06/10/2024",3.297
"06/17/2024",3.31
"06/24/2024",3.322
"07/01/2024",3.371
"07/08/2024",3.384
"07/15/2024",3.388
"07/22/2024",3.364
"07/29/2024",3.381
"08/05/2024",3.357
"08/12/2024",3.326
"08/19/2024",3.286
"08/26/2024",3.212
"09/02/2024",3.191
"09/09/2024",3.12
"09/16/2024",3.057
"09/23/2024",3.074
"09/30/2024",3.087
"10/07/2024",3.026
"10/14/2024",3.069
"10/21/2024",3.044
"10/28/2024",3.005
"11/04/2024",2.975
"11/11/2024",2.962
"11/18/2024",2.95
"11/25/2024",2.946
"12/02/2024",2.936
"12/09/2024",2.912
"12/16/2024",2.933
"12/23/2024",2.935
"12/30/2024",2.914
"01/06/2025",2.958
"01/13/2025",2.95
"01/20/2025",3.011
"01/27/2025",3.006
"02/03/2025",2.972
"02/10/2025",3.022
"02/17/2025",3.021
"02/24/2025",2.997
"03/03/2025",2.951
"03/10/2025",2.947
"03/17/2025",2.943
"03/24/2025",2.999
"03/31/2025",3.04
"04/07/2025",3.118
"04/14/2025",3.043
"04/21/2025",3.02
"04/28/2025",3.013
"05/05/2025",3.031
"05/12/2025",2.986
"05/19/2025",3.041
"05/26/2025",3.03
"06/02/2025",3.008
"06/09/2025",2.99
"06/16/2025",3.023
"06/23/2025",3.102
"06/30/2025",3.047
"07/07/2025",3.013
"07/14/2025",3.018
"07/21/2025",3.018
"07/28/2025",3.023
"08/04/2025",3.036
"08/11/2025",3.016
"08/18/2025",3.018
"08/25/2025",3.038
"09/01/2025",3.058
"09/08/2025",3.069
"09/15/2025",3.036
"09/22/2025",3.05
"09/29/2025",2.994
"10/06/2025",3
"10/13/2025",2.932
"10/20/2025",2.898
"10/27/2025",2.92
"11/03/2025",2.898
"11/10/2025",2.927
"11/17/2025",2.939
"11/24/2025",2.936
"12/01/2025",2.854
"12/08/2025",2.819
"12/15/2025",2.773
"12/22/2025",2.72
"12/29/2025",2.69
"01/05/2026",2.681
"01/12/2026",2.665
"01/19/2026",2.7
"01/26/2026",2.747
"02/02/2026",2.747
"02/09/2026",2.77
"02/16/2026",2.79
"02/23/2026",2.796
"03/02/2026",2.884
"03/09/2026",3.364
"03/16/2026",3.566
"03/23/2026",3.788
"03/30/2026",3.814
"04/06/2026",3.947
"04/13/2026",3.962
"04/20/2026",3.885